{"cameraMode":{"drawMode":0,"name":"Shaded","section":"Shading Mode"},"sceneLighting":false,"audioPlay":false,"sceneViewState":{"m_AlwaysRefresh":true,"showFog":true,"showSkybox":true,"showFlares":true,"showImageEffects":true,"showParticleSystems":true,"showVisualEffectGraphs":true,"m_FxEnabled":true},"in2DMode":false,"pivot":{"x":18.649246215820314,"y":10.276548385620118,"z":53.64323425292969},"rotation":{"x":-0.020690983161330224,"y":0.006549418438225985,"z":0.00015371192421298474,"w":0.999805748462677},"size":108.31795501708985,"orthographic":false}