{"cameraMode":{"drawMode":0,"name":"Shaded","section":"Shading Mode"},"sceneLighting":false,"audioPlay":false,"sceneViewState":{"m_AlwaysRefresh":true,"showFog":true,"showSkybox":true,"showFlares":true,"showImageEffects":true,"showParticleSystems":true,"showVisualEffectGraphs":true,"m_FxEnabled":true},"in2DMode":false,"pivot":{"x":30.993162155151368,"y":5.740933418273926,"z":-7.322032928466797},"rotation":{"x":0.00029327263473533094,"y":0.7721571922302246,"z":-0.00019599344523157924,"w":0.63591468334198},"size":0.36185136437416079,"orthographic":false}